time,PM25,PM10,NO2,O3,CO,SO2,dust,uv_index,AQI_EU,AQI_US,AQI_India
2023-11-01 00:00:00,42.3,68.5,23.2,55.0,523.0,9.1,3.0,0.0,74,117,71.08999999999999
2023-11-01 01:00:00,35.7,58.1,15.7,63.0,424.0,7.7,2.0,0.0,73,115,63.74
2023-11-01 02:00:00,30.3,49.6,10.3,68.0,348.0,6.7,2.0,0.0,73,114,68.64
2023-11-01 03:00:00,26.8,44.2,7.8,67.0,308.0,6.4,2.0,0.0,72,112,67.66
2023-11-01 04:00:00,25.1,41.7,7.4,63.0,292.0,6.5,3.0,0.0,72,111,63.74
2023-11-01 05:00:00,24.9,41.0,8.8,57.0,310.0,6.5,2.0,0.0,71,110,57.86
2023-11-01 06:00:00,24.9,41.1,11.7,50.0,354.0,7.0,2.0,0.0,71,108,50.0
2023-11-01 07:00:00,27.0,44.4,15.5,43.0,414.0,7.7,2.0,0.25,71,108,45.0
2023-11-01 08:00:00,29.7,48.3,17.2,47.0,449.0,8.7,3.0,1.15,71,107,49.5
2023-11-01 09:00:00,32.2,52.7,14.6,75.0,440.0,10.2,5.0,2.75,70,106,75.5
2023-11-01 10:00:00,35.0,58.1,9.8,115.0,407.0,12.0,8.0,4.65,70,105,122.83823529411765
2023-11-01 11:00:00,36.7,62.4,6.0,146.0,371.0,13.0,11.0,6.05,70,104,167.97058823529412
2023-11-01 12:00:00,34.2,60.8,3.6,160.0,330.0,12.6,13.0,6.4,69,103,188.3529411764706
2023-11-01 13:00:00,31.5,58.4,2.2,164.0,286.0,11.4,14.0,5.25,69,103,194.1764705882353
2023-11-01 14:00:00,28.4,53.1,3.2,161.0,268.0,10.4,14.0,3.4,69,103,189.80882352941177
2023-11-01 15:00:00,26.5,49.5,7.6,151.0,287.0,9.8,12.0,1.8,69,103,175.25
2023-11-01 16:00:00,28.2,50.8,14.4,134.0,332.0,9.4,9.0,0.6,69,103,150.5
2023-11-01 17:00:00,44.4,77.1,28.1,123.0,434.0,9.9,14.0,0.05,69,103,134.48529411764707
2023-11-01 18:00:00,54.6,92.0,44.9,96.0,597.0,12.4,14.0,0.0,70,112,96.08
2023-11-01 19:00:00,62.2,102.9,67.6,58.0,820.0,15.8,14.0,0.0,70,108,108.26
2023-11-01 20:00:00,67.1,109.4,81.4,31.0,975.0,17.7,14.0,0.0,70,104,124.42999999999998
2023-11-01 21:00:00,68.5,111.5,78.6,24.0,1004.0,16.9,12.0,0.0,70,105,129.05
2023-11-01 22:00:00,66.1,106.9,67.0,27.0,965.0,14.7,10.0,0.0,71,107,121.12999999999998
2023-11-01 23:00:00,60.3,97.6,54.7,32.0,904.0,12.6,8.0,0.0,71,108,101.99
2023-11-02 00:00:00,54.8,89.4,43.4,37.0,823.0,10.9,7.0,0.0,71,109,91.50666666666666
2023-11-02 01:00:00,51.5,84.1,31.4,43.0,720.0,9.2,6.0,0.0,72,111,86.11666666666667
2023-11-02 02:00:00,48.9,80.1,22.0,48.0,632.0,8.0,5.0,0.0,72,112,81.87
2023-11-02 03:00:00,46.2,76.1,16.7,49.0,570.0,7.3,5.0,0.0,73,114,77.46000000000001
2023-11-02 04:00:00,43.5,72.2,14.0,48.0,524.0,7.0,5.0,0.0,74,116,73.05
2023-11-02 05:00:00,44.0,72.6,14.9,44.0,550.0,7.2,5.0,0.0,74,118,73.86666666666667
2023-11-02 06:00:00,42.0,70.1,16.7,42.0,560.0,7.7,5.0,0.0,75,120,70.698
2023-11-02 07:00:00,41.7,69.6,19.0,41.0,572.0,8.4,5.0,0.25,75,122,70.208
2023-11-02 08:00:00,41.7,69.8,19.3,51.0,562.0,9.4,5.0,1.05,76,124,70.404
2023-11-02 09:00:00,42.6,71.2,15.9,81.0,512.0,11.2,6.0,2.6,76,125,81.38
2023-11-02 10:00:00,42.6,71.9,10.5,121.0,441.0,13.3,8.0,4.35,77,126,131.5735294117647
2023-11-02 11:00:00,40.4,69.4,6.2,152.0,380.0,14.5,9.0,5.7,77,127,176.70588235294116
2023-11-02 12:00:00,35.2,62.4,3.5,165.0,334.0,13.8,11.0,6.05,77,127,195.63235294117646
2023-11-02 13:00:00,31.9,58.2,2.0,168.0,297.0,12.1,12.0,5.2,77,127,200.0
2023-11-02 14:00:00,31.2,57.6,3.1,164.0,288.0,10.8,13.0,3.55,77,127,194.1764705882353
2023-11-02 15:00:00,31.1,57.6,7.5,154.0,310.0,10.3,12.0,1.85,77,128,179.61764705882354
2023-11-02 16:00:00,32.9,59.4,14.7,137.0,359.0,10.2,9.0,0.6,77,128,154.86764705882354
2023-11-02 17:00:00,57.6,99.2,32.5,128.0,512.0,13.1,13.0,0.05,78,128,141.76470588235293
2023-11-02 18:00:00,68.0,114.8,50.2,99.0,684.0,16.1,14.0,0.0,78,130,127.4
2023-11-02 19:00:00,76.6,128.1,74.1,60.0,919.0,20.1,16.0,0.0,78,131,155.77999999999997
2023-11-02 20:00:00,82.7,137.4,88.8,31.0,1081.0,22.3,17.0,0.0,79,133,175.91000000000003
2023-11-02 21:00:00,84.8,140.6,86.2,24.0,1106.0,21.3,17.0,0.0,79,134,182.83999999999997
2023-11-02 22:00:00,81.3,135.5,74.4,28.0,1057.0,18.5,15.0,0.0,80,136,171.29
2023-11-02 23:00:00,75.2,126.2,61.8,33.0,987.0,15.6,14.0,0.0,80,138,151.16
2023-11-03 00:00:00,69.6,117.3,50.0,36.0,899.0,12.9,12.0,0.0,81,139,132.67999999999998
2023-11-03 01:00:00,64.0,108.7,37.4,41.0,789.0,10.2,11.0,0.0,81,141,114.2
2023-11-03 02:00:00,60.1,102.0,27.5,43.0,701.0,8.1,9.0,0.0,82,142,102.32
2023-11-03 03:00:00,56.8,96.6,21.8,41.0,652.0,7.1,8.0,0.0,82,143,96.66799999999999
2023-11-03 04:00:00,54.2,92.4,18.7,37.0,626.0,6.7,7.0,0.0,83,144,92.552
2023-11-03 05:00:00,52.6,89.9,18.2,39.0,596.0,6.7,7.0,0.0,83,145,90.102
2023-11-03 06:00:00,51.0,87.3,19.7,36.0,626.0,7.3,7.0,0.0,83,146,87.554
2023-11-03 07:00:00,51.7,88.0,21.5,34.0,664.0,8.2,7.0,0.2,84,147,88.24000000000001
2023-11-03 08:00:00,52.7,89.6,21.5,45.0,672.0,9.5,7.0,1.0,84,148,89.80799999999999
2023-11-03 09:00:00,54.4,91.7,17.8,81.0,625.0,11.7,8.0,2.45,84,149,91.86600000000001
2023-11-03 10:00:00,54.6,93.1,12.3,131.0,547.0,14.3,10.0,4.1,85,150,146.13235294117646
2023-11-03 11:00:00,51.7,89.9,7.8,168.0,475.0,15.8,12.0,5.4,85,151,200.0
2023-11-03 12:00:00,44.8,81.5,4.5,183.0,409.0,15.4,14.0,5.8,85,151,238.125
2023-11-03 13:00:00,41.9,78.0,2.2,186.0,347.0,14.0,16.0,4.9,86,151,245.55
2023-11-03 14:00:00,40.3,75.4,3.4,181.0,323.0,12.9,17.0,3.3,86,151,233.175
2023-11-03 15:00:00,39.0,73.1,10.0,168.0,353.0,12.5,16.0,1.7,86,152,200.0
2023-11-03 16:00:00,38.9,72.2,20.0,148.0,419.0,12.4,13.0,0.55,87,152,170.88235294117646
2023-11-03 17:00:00,62.6,110.1,34.1,135.0,541.0,12.7,16.0,0.05,87,152,151.95588235294116
2023-11-03 18:00:00,72.9,124.8,48.2,107.0,693.0,14.8,16.0,0.0,87,152,143.57000000000002
2023-11-03 19:00:00,79.6,134.6,67.4,68.0,902.0,17.6,16.0,0.0,87,152,165.67999999999998
2023-11-03 20:00:00,82.9,139.2,79.5,40.0,1052.0,19.4,16.0,0.0,87,153,176.57
2023-11-03 21:00:00,84.3,141.1,78.3,33.0,1092.0,19.5,16.0,0.0,87,153,181.19
2023-11-03 22:00:00,85.2,143.0,70.0,37.0,1072.0,18.6,17.0,0.0,87,153,184.16000000000003
2023-11-03 23:00:00,84.3,142.5,61.3,41.0,1032.0,17.3,17.0,0.0,87,153,181.19
2023-11-04 00:00:00,81.3,138.3,54.0,44.0,975.0,15.5,17.0,0.0,88,153,171.29
2023-11-04 01:00:00,78.5,134.1,46.2,47.0,897.0,13.2,17.0,0.0,88,153,162.05
2023-11-04 02:00:00,75.7,129.5,39.1,48.0,823.0,11.2,16.0,0.0,89,154,152.81
2023-11-04 03:00:00,71.2,121.5,32.7,45.0,761.0,9.5,13.0,0.0,89,154,137.96
2023-11-04 04:00:00,65.4,110.8,26.9,40.0,703.0,8.0,10.0,0.0,90,155,118.82000000000002
2023-11-04 05:00:00,53.6,91.7,17.9,53.0,542.0,6.3,7.0,0.0,90,155,91.86600000000001
2023-11-04 06:00:00,51.0,87.1,19.0,48.0,561.0,6.8,6.0,0.0,90,155,87.35799999999999
2023-11-04 07:00:00,50.4,85.7,20.3,42.0,585.0,7.6,5.0,0.2,90,155,85.986
2023-11-04 08:00:00,50.4,85.4,20.0,49.0,590.0,8.6,5.0,1.0,90,155,85.69200000000001
2023-11-04 09:00:00,51.2,86.4,16.6,80.0,561.0,10.0,6.0,2.45,90,155,86.672
2023-11-04 10:00:00,52.0,88.0,11.7,123.0,512.0,11.6,7.0,4.15,90,155,134.48529411764707
2023-11-04 11:00:00,50.9,86.6,7.6,156.0,460.0,12.5,8.0,5.45,90,155,182.52941176470588
2023-11-04 12:00:00,44.9,77.8,4.5,170.0,398.0,12.2,9.0,5.75,90,155,205.95
2023-11-04 13:00:00,40.0,70.8,2.3,174.0,334.0,11.2,10.0,4.95,90,155,215.85
2023-11-04 14:00:00,38.1,68.2,3.4,170.0,305.0,10.4,11.0,3.35,90,155,205.95
2023-11-04 15:00:00,37.0,66.6,9.9,157.0,332.0,10.0,10.0,1.7,89,155,183.98529411764707
2023-11-04 16:00:00,39.5,69.2,19.7,136.0,396.0,9.7,9.0,0.55,89,154,153.41176470588235
2023-11-04 17:00:00,53.3,90.8,33.4,121.0,505.0,10.7,11.0,0.05,89,154,131.5735294117647
2023-11-04 18:00:00,64.3,106.6,52.4,92.0,689.0,13.9,12.0,0.0,89,154,115.19
2023-11-04 19:00:00,72.9,119.2,77.9,52.0,940.0,18.3,13.0,0.0,89,154,143.57000000000002
2023-11-04 20:00:00,78.2,127.6,92.4,25.0,1100.0,20.6,13.0,0.0,89,154,161.06
2023-11-04 21:00:00,77.8,126.2,86.0,22.0,1091.0,19.2,11.0,0.0,88,154,159.74
2023-11-04 22:00:00,70.3,114.1,68.7,32.0,991.0,15.8,9.0,0.0,88,153,134.98999999999998
2023-11-04 23:00:00,62.9,102.4,52.6,41.0,884.0,12.7,7.0,0.0,88,153,110.57
2023-11-05 00:00:00,56.8,93.6,41.7,45.0,788.0,10.4,6.0,0.0,87,152,94.77333333333333
2023-11-05 01:00:00,52.9,87.1,32.1,48.0,684.0,8.4,6.0,0.0,86,152,88.40333333333334
2023-11-05 02:00:00,49.0,80.8,24.4,50.0,600.0,6.9,5.0,0.0,85,151,82.03333333333333
2023-11-05 03:00:00,45.4,74.7,19.0,49.0,543.0,6.0,4.0,0.0,84,150,76.15333333333334
2023-11-05 04:00:00,42.1,69.2,15.5,46.0,505.0,5.7,4.0,0.0,84,148,70.76333333333334
2023-11-05 05:00:00,38.3,64.3,14.6,58.0,423.0,5.2,4.0,0.0,83,145,65.014
2023-11-05 06:00:00,36.6,60.8,16.5,49.0,465.0,5.8,3.0,0.0,82,144,61.78
2023-11-05 07:00:00,37.0,60.8,19.0,37.0,521.0,6.8,2.0,0.2,82,142,62.43333333333334
2023-11-05 08:00:00,38.9,63.3,19.6,40.0,551.0,7.9,2.0,1.0,81,141,65.53666666666666
2023-11-05 09:00:00,41.2,67.1,16.4,71.0,532.0,9.4,3.0,2.5,81,139,71.58
2023-11-05 10:00:00,44.4,72.6,11.4,117.0,486.0,11.1,6.0,4.2,81,138,125.75
2023-11-05 11:00:00,46.2,76.8,7.3,152.0,439.0,12.3,8.0,5.45,80,138,176.70588235294116
2023-11-05 12:00:00,43.5,74.0,4.3,168.0,385.0,12.5,10.0,5.75,80,137,200.0
2023-11-05 13:00:00,39.2,68.9,2.2,174.0,329.0,12.2,12.0,4.95,80,137,215.85
2023-11-05 14:00:00,38.2,68.0,4.0,172.0,311.0,12.1,13.0,3.35,80,137,210.9
2023-11-05 15:00:00,38.4,68.7,11.1,162.0,343.0,12.2,12.0,1.7,80,137,191.26470588235293
2023-11-05 16:00:00,41.3,72.2,22.0,144.0,412.0,12.4,10.0,0.55,80,137,165.05882352941177
2023-11-05 17:00:00,55.1,93.4,30.8,110.0,475.0,10.0,11.0,0.05,80,137,115.55882352941177
2023-11-05 18:00:00,64.5,107.1,45.3,84.0,636.0,12.3,11.0,0.0,80,137,115.85
2023-11-05 19:00:00,71.2,116.4,64.9,48.0,856.0,15.3,10.0,0.0,80,137,137.96
2023-11-05 20:00:00,72.4,117.1,77.1,22.0,1011.0,17.1,10.0,0.0,80,137,141.92000000000002
2023-11-05 21:00:00,68.7,110.8,75.2,14.0,1043.0,16.6,9.0,0.0,80,137,129.71
2023-11-05 22:00:00,66.8,108.0,65.9,16.0,1009.0,14.9,9.0,0.0,80,136,123.44
2023-11-05 23:00:00,65.7,106.2,56.3,19.0,960.0,13.0,8.0,0.0,80,135,119.81
2023-11-06 00:00:00,62.6,101.3,48.5,20.0,908.0,11.1,7.0,0.0,80,136,109.58000000000001
2023-11-06 01:00:00,58.1,94.3,40.4,21.0,841.0,8.9,6.0,0.0,80,136,96.89666666666668
2023-11-06 02:00:00,52.7,85.7,32.8,23.0,766.0,7.3,5.0,0.0,80,137,88.07666666666668
2023-11-06 03:00:00,47.7,78.0,25.2,27.0,673.0,6.4,4.0,0.0,80,137,79.91000000000001
2023-11-06 04:00:00,43.8,71.9,18.2,31.0,572.0,5.9,3.0,0.0,80,137,73.53999999999999
2023-11-06 05:00:00,41.8,68.7,13.4,39.0,488.0,5.5,3.0,0.0,80,138,70.27333333333333
2023-11-06 06:00:00,39.9,66.1,15.2,35.0,508.0,6.0,3.0,0.0,81,138,67.17
2023-11-06 07:00:00,40.0,66.1,17.6,31.0,535.0,6.7,3.0,0.2,81,138,67.33333333333333
2023-11-06 08:00:00,41.0,67.1,18.3,38.0,542.0,7.7,3.0,0.95,81,139,68.96666666666667
2023-11-06 09:00:00,42.1,69.2,15.7,68.0,515.0,9.1,4.0,2.3,81,139,70.76333333333334
2023-11-06 10:00:00,43.1,71.0,11.3,110.0,470.0,10.8,6.0,3.85,81,139,115.55882352941177
2023-11-06 11:00:00,44.0,73.3,8.0,143.0,426.0,12.5,7.0,4.8,81,139,163.60294117647058
2023-11-06 12:00:00,43.0,72.6,5.4,160.0,377.0,14.3,9.0,4.75,81,139,188.3529411764706
2023-11-06 13:00:00,39.8,69.2,3.8,167.0,329.0,16.1,10.0,3.95,81,138,198.54411764705884
2023-11-06 14:00:00,38.2,67.3,6.8,164.0,323.0,17.3,11.0,2.7,81,139,194.1764705882353
2023-11-06 15:00:00,38.0,67.8,18.3,146.0,389.0,17.5,11.0,1.35,81,139,167.97058823529412
2023-11-06 16:00:00,44.1,75.9,34.3,117.0,498.0,17.0,11.0,0.45,81,138,125.75
2023-11-06 17:00:00,56.1,95.2,35.8,113.0,531.0,11.4,10.0,0.05,81,139,119.92647058823529
2023-11-06 18:00:00,66.1,110.1,51.8,87.0,699.0,14.3,11.0,0.0,81,139,121.12999999999998
2023-11-06 19:00:00,74.7,122.5,73.6,51.0,932.0,18.1,12.0,0.0,81,139,149.51
2023-11-06 20:00:00,80.3,130.4,87.9,24.0,1110.0,20.7,12.0,0.0,81,139,167.99
2023-11-06 21:00:00,82.0,131.8,88.8,13.0,1194.0,21.0,11.0,0.0,81,140,173.6
2023-11-06 22:00:00,81.5,130.9,82.4,10.0,1223.0,19.9,10.0,0.0,82,142,171.95
2023-11-06 23:00:00,78.7,126.7,73.2,11.0,1200.0,18.1,9.0,0.0,82,143,162.71
2023-11-07 00:00:00,73.3,118.7,61.4,14.0,1103.0,15.3,8.0,0.0,83,145,144.89
2023-11-07 01:00:00,66.6,108.0,46.9,21.0,953.0,11.7,6.0,0.0,83,146,122.77999999999997
2023-11-07 02:00:00,60.1,98.0,34.5,27.0,816.0,8.9,5.0,0.0,83,147,101.33
2023-11-07 03:00:00,54.7,89.9,25.3,31.0,706.0,7.3,4.0,0.0,84,147,91.34333333333333
2023-11-07 04:00:00,49.9,82.7,18.2,33.0,608.0,6.4,4.0,0.0,84,148,83.50333333333333
2023-11-07 05:00:00,45.4,75.4,14.2,34.0,540.0,6.1,3.0,0.0,84,149,76.15333333333334
2023-11-07 06:00:00,42.5,71.2,16.1,29.0,554.0,6.6,3.0,0.0,84,149,71.77600000000001
2023-11-07 07:00:00,42.0,70.1,18.6,25.0,572.0,7.3,3.0,0.2,84,149,70.698
2023-11-07 08:00:00,42.7,70.5,19.2,34.0,572.0,8.3,3.0,0.95,84,150,71.74333333333334
2023-11-07 09:00:00,44.0,72.2,16.2,70.0,541.0,9.9,4.0,2.3,84,150,73.86666666666667
2023-11-07 10:00:00,45.9,75.7,11.4,119.0,493.0,11.8,6.0,3.9,84,150,128.66176470588235
2023-11-07 11:00:00,48.3,80.3,7.6,158.0,445.0,13.5,7.0,5.1,84,150,185.44117647058823
2023-11-07 12:00:00,48.0,80.8,4.6,179.0,391.0,15.0,8.0,5.35,85,150,228.225
2023-11-07 13:00:00,44.6,77.1,2.6,189.0,338.0,16.2,9.0,4.65,85,150,252.975
2023-11-07 14:00:00,42.1,74.5,4.6,189.0,322.0,16.9,10.0,3.15,85,150,252.975
2023-11-07 15:00:00,41.1,73.3,12.4,177.0,357.0,16.4,10.0,1.6,85,151,223.275
2023-11-07 16:00:00,42.3,74.7,24.2,155.0,429.0,15.3,9.0,0.5,85,151,181.0735294117647
2023-11-07 17:00:00,60.1,101.7,36.0,124.0,529.0,13.2,10.0,0.05,85,151,135.94117647058823
2023-11-07 18:00:00,71.0,117.8,52.4,96.0,698.0,16.0,11.0,0.0,85,151,137.3
2023-11-07 19:00:00,79.6,130.9,74.8,58.0,932.0,19.7,11.0,0.0,85,151,165.67999999999998
2023-11-07 20:00:00,85.0,138.3,90.0,29.0,1109.0,22.1,12.0,0.0,86,151,183.5
2023-11-07 21:00:00,86.6,140.6,91.9,18.0,1182.0,22.1,12.0,0.0,86,151,188.77999999999997
2023-11-07 22:00:00,86.6,141.1,86.7,15.0,1199.0,20.7,12.0,0.0,86,151,188.77999999999997
2023-11-07 23:00:00,85.7,139.7,78.8,15.0,1181.0,18.7,11.0,0.0,86,151,185.81
2023-11-08 00:00:00,82.4,135.0,68.9,15.0,1128.0,15.8,10.0,0.0,86,152,174.92000000000002
2023-11-08 01:00:00,77.1,126.2,56.5,17.0,1040.0,12.3,8.0,0.0,87,152,157.42999999999998
2023-11-08 02:00:00,69.6,114.3,44.6,21.0,939.0,9.5,6.0,0.0,87,152,132.67999999999998
2023-11-08 03:00:00,62.2,102.9,33.2,27.0,813.0,7.8,5.0,0.0,87,153,108.26
2023-11-08 04:00:00,56.6,94.3,22.3,35.0,673.0,6.8,4.0,0.0,87,153,94.44666666666667
2023-11-08 05:00:00,54.0,90.8,16.8,43.0,567.0,6.5,5.0,0.0,88,153,90.984
2023-11-08 06:00:00,51.2,86.6,18.1,39.0,574.0,6.9,5.0,0.0,88,153,86.868
2023-11-08 07:00:00,50.3,84.5,19.6,35.0,580.0,7.5,4.0,0.2,88,153,84.81
2023-11-08 08:00:00,49.9,83.8,19.5,43.0,570.0,8.4,4.0,0.9,89,154,84.124
2023-11-08 09:00:00,50.3,84.3,16.1,73.0,529.0,9.8,5.0,2.2,89,154,84.614
2023-11-08 10:00:00,51.0,85.9,11.0,113.0,470.0,11.5,6.0,3.8,89,154,119.92647058823529
2023-11-08 11:00:00,51.2,87.3,7.0,146.0,417.0,12.6,7.0,5.05,89,154,167.97058823529412
2023-11-08 12:00:00,47.8,83.1,3.9,164.0,367.0,12.7,8.0,5.45,89,154,194.1764705882353
2023-11-08 13:00:00,44.2,78.7,1.8,173.0,324.0,12.3,9.0,4.7,89,154,213.375
2023-11-08 14:00:00,42.8,77.3,3.8,173.0,317.0,12.1,10.0,3.2,89,154,213.375
2023-11-08 15:00:00,42.6,77.5,11.2,164.0,355.0,12.2,10.0,1.6,89,154,194.1764705882353
2023-11-08 16:00:00,46.0,81.7,22.7,146.0,431.0,12.5,9.0,0.5,89,154,167.97058823529412
2023-11-08 17:00:00,57.7,98.5,36.2,117.0,547.0,11.0,10.0,0.05,89,155,125.75
2023-11-08 18:00:00,69.4,115.3,55.9,89.0,727.0,14.7,10.0,0.0,89,154,132.02
2023-11-08 19:00:00,78.7,129.0,82.7,49.0,978.0,19.7,11.0,0.0,89,154,162.71
2023-11-08 20:00:00,85.4,138.3,100.6,19.0,1182.0,23.1,11.0,0.0,89,154,184.82
2023-11-08 21:00:00,88.5,143.0,102.2,6.0,1309.0,23.9,10.0,0.0,89,154,195.05
2023-11-08 22:00:00,88.2,141.6,95.0,1.0,1390.0,23.1,8.0,0.0,89,154,194.06
2023-11-08 23:00:00,84.3,134.6,85.0,1.0,1402.0,21.2,7.0,0.0,89,154,181.19
2023-11-09 00:00:00,77.5,124.8,73.2,4.0,1315.0,17.5,6.0,0.0,89,154,158.75
2023-11-09 01:00:00,69.6,112.7,58.8,10.0,1159.0,12.7,6.0,0.0,89,154,132.67999999999998
2023-11-09 02:00:00,60.8,99.4,45.2,18.0,997.0,8.9,5.0,0.0,89,154,103.63999999999999
2023-11-09 03:00:00,53.7,88.7,32.7,27.0,832.0,7.2,4.0,0.0,89,154,89.71000000000001
2023-11-09 04:00:00,48.3,80.6,21.0,37.0,661.0,6.5,4.0,0.0,88,154,80.988
2023-11-09 05:00:00,46.6,77.8,18.3,36.0,639.0,6.4,3.0,0.0,88,153,78.244
2023-11-09 06:00:00,44.1,74.0,18.7,35.0,616.0,7.0,3.0,0.0,88,153,74.52
2023-11-09 07:00:00,44.0,73.8,19.2,35.0,582.0,7.8,3.0,0.2,88,153,74.324
2023-11-09 08:00:00,45.2,75.4,18.4,45.0,543.0,8.8,3.0,0.9,87,153,75.89200000000001
2023-11-09 09:00:00,46.6,77.5,15.3,73.0,499.0,10.2,4.0,2.2,87,153,78.11333333333334
2023-11-09 10:00:00,48.4,81.3,10.9,111.0,450.0,11.8,5.0,3.8,87,152,117.01470588235294
2023-11-09 11:00:00,50.8,86.1,7.4,141.0,405.0,12.9,6.0,4.9,87,152,160.69117647058823
2023-11-09 12:00:00,48.0,83.4,4.2,159.0,355.0,12.9,7.0,5.15,87,152,186.8970588235294
2023-11-09 13:00:00,43.9,78.5,1.8,171.0,310.0,12.4,9.0,4.25,87,152,208.425
2023-11-09 14:00:00,42.8,77.5,3.7,173.0,302.0,12.1,10.0,2.9,87,152,213.375
2023-11-09 15:00:00,42.7,77.1,11.4,165.0,340.0,12.0,10.0,1.5,87,152,195.63235294117646
2023-11-09 16:00:00,43.3,77.8,23.4,148.0,417.0,12.2,9.0,0.5,87,152,170.88235294117646
2023-11-09 17:00:00,60.8,103.6,39.2,114.0,536.0,11.3,10.0,0.05,87,152,121.38235294117646
2023-11-09 18:00:00,72.4,120.1,58.5,84.0,730.0,14.8,10.0,0.0,87,152,141.92000000000002
2023-11-09 19:00:00,81.5,133.2,84.7,43.0,998.0,19.5,10.0,0.0,87,152,171.95
2023-11-09 20:00:00,85.9,138.8,100.7,13.0,1197.0,22.6,9.0,0.0,87,153,186.47000000000003
2023-11-09 21:00:00,86.4,138.8,97.7,5.0,1272.0,22.7,8.0,0.0,87,153,188.12
2023-11-09 22:00:00,83.1,133.2,84.6,8.0,1278.0,21.2,7.0,0.0,87,152,177.23
2023-11-09 23:00:00,78.2,125.7,71.2,12.0,1237.0,18.9,6.0,0.0,87,152,161.06
2023-11-10 00:00:00,71.0,114.8,60.2,14.0,1138.0,15.6,5.0,0.0,87,152,137.3
2023-11-10 01:00:00,64.3,105.0,48.9,18.0,992.0,11.5,5.0,0.0,87,152,115.19
2023-11-10 02:00:00,58.6,96.2,39.1,21.0,860.0,8.3,4.0,0.0,86,152,97.71333333333334
2023-11-10 03:00:00,53.8,88.9,31.1,24.0,750.0,6.7,4.0,0.0,86,152,89.87333333333333
2023-11-10 04:00:00,49.8,82.9,24.7,26.0,654.0,6.0,3.0,0.0,86,152,83.34
2023-11-10 05:00:00,47.8,80.1,24.1,24.0,655.0,6.3,4.0,0.0,86,152,80.49799999999999
2023-11-10 06:00:00,46.7,78.5,26.3,20.0,703.0,7.0,4.0,0.0,86,152,78.93
2023-11-10 07:00:00,50.5,83.8,29.1,18.0,765.0,8.0,4.0,0.2,87,152,84.48333333333333
2023-11-10 08:00:00,53.7,88.7,29.2,30.0,780.0,9.4,5.0,0.9,87,152,89.71000000000001
2023-11-10 09:00:00,55.8,92.2,24.0,72.0,708.0,11.3,6.0,2.2,87,152,93.13999999999999
2023-11-10 10:00:00,57.4,95.9,16.1,128.0,590.0,13.6,7.0,3.8,87,153,141.76470588235293
2023-11-10 11:00:00,57.4,97.8,9.8,173.0,489.0,16.1,8.0,4.95,88,153,213.375
2023-11-10 12:00:00,54.6,95.9,5.8,196.0,421.0,19.3,9.0,5.25,88,153,270.3
2023-11-10 13:00:00,55.6,98.5,3.5,207.0,369.0,22.6,9.0,4.5,88,153,297.525
2023-11-10 14:00:00,53.8,95.7,4.7,206.0,352.0,24.1,9.0,3.05,88,154,295.05
2023-11-10 15:00:00,51.5,92.2,11.6,190.0,381.0,22.0,8.0,1.5,89,154,255.45
2023-11-10 16:00:00,51.2,91.5,22.1,163.0,444.0,18.0,7.0,0.5,89,154,192.72058823529412
2023-11-10 17:00:00,63.3,108.5,28.5,120.0,501.0,10.0,7.0,0.05,89,154,130.11764705882354
2023-11-10 18:00:00,70.3,118.0,36.8,97.0,592.0,11.2,6.0,0.0,89,158,134.98999999999998
2023-11-10 19:00:00,71.9,119.2,47.9,66.0,714.0,12.9,5.0,0.0,89,154,140.27
2023-11-10 20:00:00,68.2,112.5,53.0,44.0,781.0,13.5,4.0,0.0,89,154,128.06
2023-11-10 21:00:00,62.9,104.1,46.4,42.0,739.0,12.3,3.0,0.0,88,154,110.57
2023-11-10 22:00:00,58.1,96.4,33.8,49.0,642.0,10.1,3.0,0.0,88,153,96.89666666666668
2023-11-10 23:00:00,54.2,90.3,23.9,54.0,563.0,8.2,3.0,0.0,87,152,90.52666666666667
2023-11-11 00:00:00,51.1,85.2,20.5,50.0,532.0,7.1,3.0,0.0,86,152,85.49600000000001
2023-11-11 01:00:00,49.2,82.2,19.9,44.0,519.0,6.3,3.0,0.0,85,151,82.55600000000001
2023-11-11 02:00:00,48.2,80.6,19.3,39.0,508.0,5.8,3.0,0.0,85,150,80.988
2023-11-11 03:00:00,47.4,78.9,17.7,37.0,491.0,5.6,3.0,0.0,85,150,79.42
2023-11-11 04:00:00,45.8,76.4,16.3,36.0,476.0,5.6,3.0,0.0,84,150,76.87200000000001
2023-11-11 05:00:00,42.0,70.1,14.4,40.0,452.0,5.9,3.0,0.0,84,149,70.698
2023-11-11 06:00:00,40.5,67.8,15.6,41.0,469.0,6.8,3.0,0.0,84,149,68.44399999999999
2023-11-11 07:00:00,40.4,66.8,17.2,43.0,491.0,8.0,2.0,0.2,84,148,67.98666666666666
2023-11-11 08:00:00,40.3,66.4,17.1,52.0,492.0,9.1,2.0,1.1,83,147,67.82333333333332
2023-11-11 09:00:00,40.3,65.7,14.0,77.0,458.0,10.0,3.0,2.75,83,146,77.46000000000001
2023-11-11 10:00:00,39.3,64.0,9.3,109.0,403.0,10.7,4.0,4.75,83,144,114.1029411764706
2023-11-11 11:00:00,35.3,58.3,5.6,132.0,352.0,10.8,5.0,6.25,82,142,147.58823529411765
2023-11-11 12:00:00,24.3,43.2,3.3,140.0,306.0,9.8,7.0,6.65,81,140,159.23529411764707
2023-11-11 13:00:00,20.8,37.6,1.8,139.0,263.0,8.2,8.0,5.7,80,137,157.77941176470588
2023-11-11 14:00:00,19.0,34.1,2.5,133.0,242.0,7.0,9.0,3.95,79,133,149.04411764705884
2023-11-11 15:00:00,17.3,30.7,6.5,122.0,254.0,6.5,8.0,2.0,78,130,133.02941176470588
2023-11-11 16:00:00,17.1,29.0,12.5,107.0,288.0,6.4,5.0,0.65,77,126,111.19117647058823
2023-11-11 17:00:00,21.2,33.9,20.2,95.0,348.0,7.6,3.0,0.05,76,122,95.1
2023-11-11 18:00:00,25.4,39.2,25.6,79.0,400.0,8.2,2.0,0.0,74,118,79.42
2023-11-11 19:00:00,25.8,39.0,32.9,57.0,471.0,9.1,2.0,0.0,73,113,57.86
2023-11-11 20:00:00,22.8,34.1,36.4,41.0,511.0,9.5,1.0,0.0,71,109,45.5
2023-11-11 21:00:00,19.8,29.3,32.8,39.0,493.0,9.2,1.0,0.0,70,104,40.99999999999999
2023-11-11 22:00:00,18.2,26.9,25.5,43.0,445.0,8.4,0.0,0.0,68,99,43.0
2023-11-11 23:00:00,17.4,25.7,19.2,47.0,401.0,7.7,0.0,0.0,67,96,47.0
2023-11-12 00:00:00,16.2,24.2,15.6,48.0,372.0,7.2,0.0,0.0,66,93,48.0
2023-11-12 01:00:00,15.3,22.8,13.0,48.0,347.0,6.8,0.0,0.0,64,91,48.0
2023-11-12 02:00:00,14.4,21.5,11.1,48.0,326.0,6.5,0.0,0.0,63,88,48.0
2023-11-12 03:00:00,13.8,20.6,9.6,49.0,305.0,6.4,0.0,0.0,62,85,49.0
2023-11-12 04:00:00,13.7,20.6,8.7,49.0,288.0,6.5,0.0,0.0,61,83,49.0
2023-11-12 05:00:00,14.1,21.2,8.8,48.0,294.0,6.5,0.0,0.0,60,80,48.0
2023-11-12 06:00:00,15.2,23.0,11.1,44.0,332.0,7.0,0.0,0.0,55,78,44.0
2023-11-12 07:00:00,17.6,26.7,14.1,39.0,384.0,7.8,0.0,0.2,51,76,39.0
2023-11-12 08:00:00,20.8,31.2,15.3,44.0,413.0,8.5,0.0,1.2,47,74,44.0
2023-11-12 09:00:00,22.5,34.0,12.9,66.0,402.0,9.3,0.0,3.0,44,73,66.68
2023-11-12 10:00:00,25.0,37.8,8.7,97.0,369.0,10.1,0.0,5.1,41,71,97.06
2023-11-12 11:00:00,25.6,38.6,5.3,121.0,333.0,10.4,0.0,6.7,54,70,131.5735294117647
2023-11-12 12:00:00,22.4,33.8,3.1,131.0,291.0,9.7,0.0,7.05,60,69,146.13235294117646
2023-11-12 13:00:00,17.2,25.9,1.8,134.0,246.0,8.6,0.0,6.05,61,69,150.5
2023-11-12 14:00:00,14.7,22.0,3.1,131.0,229.0,7.7,0.0,4.05,60,69,146.13235294117646
2023-11-12 15:00:00,14.0,21.0,8.4,121.0,254.0,7.4,0.0,2.0,54,69,131.5735294117647
2023-11-12 16:00:00,14.5,21.5,16.3,105.0,306.0,7.3,0.0,0.6,43,68,108.27941176470588
2023-11-12 17:00:00,22.3,32.9,24.8,90.0,360.0,7.5,1.0,0.05,37,68,90.2
2023-11-12 18:00:00,28.1,41.2,32.3,73.0,441.0,8.4,1.0,0.0,37,68,73.53999999999999
2023-11-12 19:00:00,30.7,44.8,42.4,50.0,552.0,9.7,0.0,0.0,38,69,53.94
2023-11-12 20:00:00,30.3,44.1,47.9,33.0,620.0,10.3,0.0,0.0,38,69,60.677499999999995
2023-11-12 21:00:00,28.5,41.4,44.5,30.0,608.0,9.8,0.0,0.0,39,69,56.5125
2023-11-12 22:00:00,26.5,38.8,36.5,35.0,554.0,8.8,0.0,0.0,39,70,45.625
2023-11-12 23:00:00,24.7,36.2,29.3,38.0,503.0,7.8,0.0,0.0,40,71,41.166666666666664
2023-11-13 00:00:00,22.8,33.4,24.9,38.0,469.0,7.0,0.0,0.0,41,71,38.0
2023-11-13 01:00:00,21.6,31.8,21.5,36.0,438.0,6.3,0.0,0.0,42,72,36.0
2023-11-13 02:00:00,20.8,30.6,18.6,35.0,414.0,5.8,0.0,0.0,44,72,35.0
2023-11-13 03:00:00,20.0,29.5,16.2,33.0,397.0,5.6,0.0,0.0,45,73,33.333333333333336
2023-11-13 04:00:00,19.2,28.3,14.5,32.0,386.0,5.7,0.0,0.0,46,73,32.0
2023-11-13 05:00:00,18.9,27.9,14.2,31.0,398.0,6.0,0.0,0.0,47,74,31.499999999999996
2023-11-13 06:00:00,19.3,28.5,15.4,31.0,416.0,6.7,0.0,0.0,47,74,32.166666666666664
2023-11-13 07:00:00,22.2,32.9,17.0,33.0,441.0,7.7,0.0,0.2,48,75,37.0
2023-11-13 08:00:00,26.4,39.5,17.0,42.0,452.0,8.8,0.0,1.0,49,75,44.0
2023-11-13 09:00:00,30.7,46.6,14.1,66.0,442.0,10.0,0.0,2.4,50,75,66.68
2023-11-13 10:00:00,35.9,55.1,9.8,98.0,418.0,11.3,1.0,4.25,51,76,98.03999999999999
2023-11-13 11:00:00,40.0,62.2,6.3,124.0,389.0,12.0,1.0,5.65,56,77,135.94117647058823
2023-11-13 12:00:00,38.5,60.1,3.8,138.0,345.0,11.8,1.0,5.9,61,78,156.3235294117647
2023-11-13 13:00:00,33.1,51.6,2.2,146.0,295.0,11.0,1.0,4.95,63,79,167.97058823529412
2023-11-13 14:00:00,28.5,44.5,3.8,146.0,276.0,10.5,1.0,3.4,63,80,167.97058823529412
2023-11-13 15:00:00,27.4,42.6,10.2,136.0,305.0,10.5,1.0,1.8,61,82,153.41176470588235
2023-11-13 16:00:00,28.2,43.5,19.7,119.0,366.0,10.6,0.0,0.55,61,83,128.66176470588235
2023-11-13 17:00:00,37.4,56.9,28.1,103.0,420.0,10.7,1.0,0.05,61,84,105.36764705882354
2023-11-13 18:00:00,45.1,67.8,40.5,78.0,551.0,11.7,1.0,0.0,62,85,78.44
2023-11-13 19:00:00,49.1,73.3,57.3,45.0,729.0,13.1,0.0,0.0,63,86,82.19666666666667
2023-11-13 20:00:00,49.7,74.0,67.1,21.0,850.0,13.8,0.0,0.0,63,88,84.19749999999999
2023-11-13 21:00:00,48.2,71.7,63.9,17.0,864.0,13.3,0.0,0.0,64,89,80.72666666666667
2023-11-13 22:00:00,46.1,68.5,53.9,22.0,820.0,12.2,0.0,0.0,64,91,77.29666666666667
2023-11-13 23:00:00,42.5,63.1,44.0,28.0,763.0,10.9,0.0,0.0,65,92,71.41666666666667
2023-11-14 00:00:00,37.8,56.2,36.3,31.0,701.0,9.5,0.0,0.0,66,94,63.739999999999995
2023-11-14 01:00:00,34.3,51.0,28.7,35.0,626.0,7.9,0.0,0.0,66,95,58.023333333333326
2023-11-14 02:00:00,31.9,47.4,22.5,38.0,561.0,6.8,0.0,0.0,67,96,54.10333333333333
2023-11-14 03:00:00,30.2,44.9,17.8,41.0,511.0,6.5,0.0,0.0,67,97,51.32666666666667
2023-11-14 04:00:00,28.9,43.3,14.4,43.0,471.0,6.7,0.0,0.0,67,98,48.166666666666664
2023-11-14 05:00:00,29.1,43.9,14.1,41.0,482.0,6.8,0.0,0.0,68,98,48.5
2023-11-14 06:00:00,29.5,45.1,15.3,39.0,494.0,7.4,0.0,0.0,68,99,49.166666666666664
2023-11-14 07:00:00,32.1,49.4,16.9,38.0,509.0,8.3,0.0,0.2,68,100,54.43
2023-11-14 08:00:00,35.0,54.0,16.9,45.0,508.0,9.2,0.0,1.05,69,101,59.166666666666664
2023-11-14 09:00:00,37.0,57.4,13.9,67.0,477.0,10.1,0.0,2.6,69,102,67.66
2023-11-14 10:00:00,38.9,60.3,9.4,98.0,429.0,10.9,1.0,4.4,69,102,98.03999999999999
2023-11-14 11:00:00,40.9,63.3,5.8,123.0,384.0,11.3,1.0,5.7,69,103,134.48529411764707
2023-11-14 12:00:00,41.3,63.8,3.4,139.0,340.0,11.0,1.0,6.0,69,103,157.77941176470588
2023-11-14 13:00:00,38.4,59.5,1.9,150.0,299.0,10.3,1.0,5.2,69,103,173.79411764705884
2023-11-14 14:00:00,35.0,54.1,3.1,152.0,284.0,9.8,1.0,3.55,70,104,176.70588235294116
2023-11-14 15:00:00,34.0,52.5,8.4,143.0,306.0,9.8,1.0,1.8,70,104,163.60294117647058
2023-11-14 16:00:00,33.8,51.9,16.5,125.0,355.0,9.9,0.0,0.55,70,105,137.39705882352942
2023-11-14 17:00:00,35.5,54.0,23.0,106.0,411.0,9.5,0.0,0.05,70,106,109.73529411764706
2023-11-14 18:00:00,41.8,62.9,30.6,86.0,495.0,10.1,0.0,0.0,70,105,86.28
2023-11-14 19:00:00,43.8,65.7,40.9,59.0,610.0,11.0,0.0,0.0,70,105,73.53999999999999
2023-11-14 20:00:00,43.4,65.0,46.9,39.0,687.0,11.5,0.0,0.0,70,105,72.88666666666666
2023-11-14 21:00:00,42.7,64.0,44.8,33.0,694.0,11.3,0.0,0.0,70,104,71.74333333333334
2023-11-14 22:00:00,42.3,63.6,38.3,35.0,664.0,10.8,0.0,0.0,69,103,71.08999999999999
2023-11-14 23:00:00,41.6,62.6,31.8,37.0,626.0,10.2,0.0,0.0,69,103,69.94666666666667
2023-11-15 00:00:00,39.9,60.3,26.4,38.0,590.0,9.5,0.0,0.0,69,103,67.17
2023-11-15 01:00:00,38.1,57.7,21.0,40.0,546.0,8.7,0.0,0.0,69,103,64.23
2023-11-15 02:00:00,36.1,54.9,16.3,44.0,501.0,8.3,0.0,0.0,70,103,60.96333333333334
2023-11-15 03:00:00,34.7,53.1,12.3,51.0,447.0,8.5,0.0,0.0,70,104,58.67666666666667
2023-11-15 04:00:00,34.3,52.9,9.1,59.0,392.0,9.0,0.0,0.0,70,104,59.82
2023-11-15 05:00:00,34.7,53.6,8.5,60.0,375.0,9.6,0.0,0.0,70,105,60.8
2023-11-15 06:00:00,36.3,56.2,10.7,58.0,399.0,10.4,0.0,0.0,70,106,61.28999999999999
2023-11-15 07:00:00,39.3,60.8,13.6,56.0,430.0,11.6,0.0,0.2,70,106,66.19
2023-11-15 08:00:00,42.3,65.0,14.7,62.0,445.0,12.8,0.0,0.95,71,107,71.08999999999999
2023-11-15 09:00:00,46.1,71.2,12.2,82.0,429.0,14.1,0.0,2.45,71,108,82.36
2023-11-15 10:00:00,49.6,76.4,7.9,110.0,395.0,15.3,1.0,4.15,71,109,115.55882352941177
2023-11-15 11:00:00,47.4,73.3,4.5,131.0,364.0,15.6,1.0,5.5,72,110,146.13235294117646
2023-11-15 12:00:00,43.0,66.4,2.6,142.0,335.0,14.1,1.0,5.8,72,110,162.14705882352942
2023-11-15 13:00:00,39.9,61.7,1.6,147.0,307.0,11.6,1.0,4.95,72,111,169.4264705882353
2023-11-15 14:00:00,37.6,58.0,2.8,145.0,299.0,9.7,1.0,3.3,72,111,166.51470588235293
2023-11-15 15:00:00,36.4,56.2,7.6,134.0,321.0,9.1,1.0,1.65,72,111,150.5
2023-11-15 16:00:00,36.0,55.4,14.7,117.0,363.0,9.2,0.0,0.5,72,111,125.75
2023-11-15 17:00:00,42.1,64.0,21.2,103.0,408.0,9.1,0.0,0.05,72,112,105.36764705882354
2023-11-15 18:00:00,45.5,68.7,25.3,89.0,460.0,9.7,0.0,0.0,72,112,89.22
2023-11-15 19:00:00,46.0,69.4,30.8,70.0,531.0,10.6,0.0,0.0,72,113,77.13333333333333
2023-11-15 20:00:00,46.7,70.3,34.2,55.0,585.0,11.2,0.0,0.0,73,113,78.27666666666667
2023-11-15 21:00:00,47.4,71.2,33.9,48.0,609.0,11.3,0.0,0.0,73,113,79.42
2023-11-15 22:00:00,48.2,72.2,31.5,46.0,617.0,11.1,0.0,0.0,73,114,80.72666666666667
2023-11-15 23:00:00,47.8,71.7,28.3,45.0,610.0,10.7,0.0,0.0,73,114,80.07333333333332
2023-11-16 00:00:00,45.8,68.5,24.3,44.0,585.0,9.9,0.0,0.0,73,115,76.80666666666666
2023-11-16 01:00:00,43.9,65.9,19.6,45.0,546.0,8.8,1.0,0.0,73,116,73.70333333333333
2023-11-16 02:00:00,43.1,64.7,15.4,48.0,508.0,8.2,1.0,0.0,74,116,72.39666666666668
2023-11-16 03:00:00,44.2,67.1,11.7,55.0,468.0,8.4,1.0,0.0,74,117,74.19333333333334
2023-11-16 04:00:00,47.4,72.2,8.6,64.0,429.0,9.1,2.0,0.0,74,118,79.42
2023-11-16 05:00:00,51.1,78.0,7.0,71.0,410.0,9.9,2.0,0.0,75,119,85.46333333333334
2023-11-16 06:00:00,55.2,84.3,9.6,69.0,445.0,10.7,2.0,0.0,75,121,92.16
2023-11-16 07:00:00,59.0,90.1,13.1,66.0,493.0,11.9,2.0,0.15,76,123,98.36666666666667
2023-11-16 08:00:00,61.2,93.1,14.7,71.0,520.0,13.2,2.0,0.8,76,125,104.96000000000001
2023-11-16 09:00:00,65.7,100.4,12.4,89.0,510.0,14.8,2.0,2.05,77,127,119.81
2023-11-16 10:00:00,68.9,105.2,8.2,113.0,479.0,16.5,3.0,3.55,78,129,130.37
2023-11-16 11:00:00,68.0,104.3,4.9,133.0,445.0,17.0,3.0,4.75,78,131,149.04411764705884
2023-11-16 12:00:00,60.8,93.6,2.9,144.0,406.0,15.4,2.0,5.05,79,133,165.05882352941177
2023-11-16 13:00:00,54.9,84.8,1.8,151.0,364.0,12.7,2.0,4.35,80,135,175.25
2023-11-16 14:00:00,49.9,77.1,2.9,150.0,345.0,10.6,1.0,2.9,80,137,173.79411764705884
2023-11-16 15:00:00,47.4,73.1,7.8,138.0,364.0,9.9,1.0,1.45,81,138,156.3235294117647
2023-11-16 16:00:00,46.8,72.2,15.0,120.0,406.0,9.8,1.0,0.45,81,139,130.11764705882354
2023-11-16 17:00:00,44.5,67.5,23.3,104.0,450.0,9.9,1.0,0.05,81,140,106.82352941176471
2023-11-16 18:00:00,48.2,72.6,26.8,90.0,498.0,10.4,1.0,0.0,81,140,90.2
2023-11-16 19:00:00,48.4,72.9,31.6,71.0,565.0,11.1,1.0,0.0,81,141,81.05333333333333
2023-11-16 20:00:00,49.0,73.6,34.8,56.0,621.0,11.5,1.0,0.0,81,141,82.03333333333333
2023-11-16 21:00:00,50.2,75.2,35.3,48.0,658.0,11.5,1.0,0.0,82,141,83.99333333333334
2023-11-16 22:00:00,51.7,77.3,34.2,44.0,684.0,11.2,1.0,0.0,82,141,86.44333333333334
2023-11-16 23:00:00,51.8,77.3,32.0,42.0,692.0,10.7,1.0,0.0,82,142,86.60666666666665
2023-11-17 00:00:00,49.7,74.3,28.4,40.0,674.0,9.6,1.0,0.0,82,142,83.17666666666668
2023-11-17 01:00:00,47.4,70.8,23.7,41.0,637.0,8.3,1.0,0.0,82,143,79.42
2023-11-17 02:00:00,45.1,67.5,19.2,43.0,595.0,7.5,1.0,0.0,82,143,75.66333333333334
2023-11-17 03:00:00,44.2,66.8,14.7,49.0,541.0,7.7,1.0,0.0,82,143,74.19333333333334
2023-11-17 04:00:00,46.9,71.7,10.4,57.0,482.0,8.5,1.0,0.0,82,143,78.60333333333332
2023-11-17 05:00:00,50.3,77.5,8.8,60.0,454.0,8.9,1.0,0.0,82,143,84.15666666666667
2023-11-17 06:00:00,55.6,86.4,10.9,59.0,474.0,9.6,1.0,0.0,82,143,92.81333333333333
2023-11-17 07:00:00,59.8,92.9,13.8,58.0,500.0,10.6,1.0,0.15,82,143,99.67333333333332
2023-11-17 08:00:00,61.5,95.5,14.8,64.0,511.0,11.7,1.0,0.75,82,143,105.95
2023-11-17 09:00:00,64.5,100.1,12.3,84.0,496.0,13.0,1.0,1.9,82,143,115.85
2023-11-17 10:00:00,66.4,103.6,8.1,111.0,466.0,14.3,2.0,3.45,82,143,122.12000000000002
2023-11-17 11:00:00,67.5,106.2,4.8,133.0,436.0,15.0,2.0,4.6,82,143,149.04411764705884
2023-11-17 12:00:00,65.2,104.5,2.9,147.0,402.0,14.6,2.0,4.95,82,143,169.4264705882353
2023-11-17 13:00:00,61.2,99.2,2.0,155.0,368.0,13.6,1.0,4.25,82,143,181.0735294117647
2023-11-17 14:00:00,57.7,94.1,3.2,156.0,356.0,12.8,1.0,2.9,82,144,182.52941176470588
2023-11-17 15:00:00,57.2,92.9,7.5,145.0,373.0,12.3,1.0,1.45,83,145,166.51470588235293
2023-11-17 16:00:00,58.2,94.3,14.0,127.0,413.0,12.0,1.0,0.45,83,146,140.30882352941177
2023-11-17 17:00:00,71.7,113.9,23.7,108.0,479.0,11.3,1.0,0.05,83,147,139.61
2023-11-17 18:00:00,78.2,122.5,34.5,84.0,598.0,12.4,1.0,0.0,84,150,161.06
2023-11-17 19:00:00,82.2,128.1,49.1,52.0,762.0,13.8,1.0,0.0,85,151,174.26
2023-11-17 20:00:00,82.2,127.1,57.7,29.0,874.0,14.5,1.0,0.0,86,152,174.26
2023-11-17 21:00:00,80.6,124.8,54.8,25.0,889.0,14.0,1.0,0.0,88,153,168.97999999999996
2023-11-17 22:00:00,78.9,122.0,45.8,31.0,854.0,12.9,1.0,0.0,89,154,163.37
2023-11-17 23:00:00,77.1,118.7,37.3,36.0,811.0,11.6,1.0,0.0,89,155,157.42999999999998
2023-11-18 00:00:00,73.6,113.6,31.5,36.0,775.0,10.2,1.0,0.0,90,155,145.88
2023-11-18 01:00:00,70.3,108.5,26.3,36.0,732.0,8.8,1.0,0.0,91,156,134.98999999999998
2023-11-18 02:00:00,66.6,103.1,21.5,38.0,682.0,7.7,1.0,0.0,92,157,122.77999999999997
2023-11-18 03:00:00,62.9,97.3,16.5,44.0,615.0,7.2,1.0,0.0,93,157,110.57
2023-11-18 04:00:00,60.1,93.4,12.0,52.0,542.0,7.1,1.0,0.0,93,158,101.33
2023-11-18 05:00:00,58.7,91.3,9.9,56.0,506.0,7.1,1.0,0.0,94,158,97.87666666666667
2023-11-18 06:00:00,58.6,91.3,12.5,52.0,520.0,7.5,1.0,0.0,94,159,97.71333333333334
2023-11-18 07:00:00,59.6,92.9,15.9,47.0,538.0,8.0,1.0,0.15,94,159,99.34666666666666
2023-11-18 08:00:00,60.8,94.5,17.2,51.0,542.0,8.9,1.0,0.7,94,159,103.63999999999999
2023-11-18 09:00:00,62.4,97.6,14.5,71.0,519.0,10.4,1.0,1.8,94,159,108.92
2023-11-18 10:00:00,65.2,102.7,9.8,100.0,482.0,12.2,1.0,3.15,94,159,118.16000000000001
2023-11-18 11:00:00,69.8,111.1,6.0,125.0,447.0,13.7,1.0,4.2,94,158,137.39705882352942
2023-11-18 12:00:00,71.5,115.3,3.4,145.0,411.0,14.7,1.0,4.5,94,159,166.51470588235293
2023-11-18 13:00:00,69.4,113.2,1.8,163.0,377.0,15.3,1.0,3.9,94,159,192.72058823529412
2023-11-18 14:00:00,66.8,109.9,3.8,169.0,373.0,15.8,1.0,2.65,94,159,203.475
2023-11-18 15:00:00,65.4,108.0,11.2,160.0,408.0,15.9,1.0,1.3,95,159,188.3529411764706
2023-11-18 16:00:00,65.9,108.7,22.2,141.0,473.0,15.9,1.0,0.4,95,159,160.69117647058823
2023-11-18 17:00:00,78.0,126.7,32.9,122.0,562.0,15.9,1.0,0.05,95,160,160.4
2023-11-18 18:00:00,86.4,137.8,44.7,94.0,696.0,16.7,1.0,0.0,95,160,188.12
2023-11-18 19:00:00,89.6,142.0,60.4,56.0,878.0,17.8,1.0,0.0,96,160,198.68
2023-11-18 20:00:00,86.8,137.4,68.8,29.0,996.0,18.0,1.0,0.0,96,160,189.44
2023-11-18 21:00:00,82.7,130.4,63.2,24.0,993.0,16.8,1.0,0.0,96,161,175.91000000000003
2023-11-18 22:00:00,79.4,125.3,50.2,30.0,926.0,14.8,1.0,0.0,96,161,165.02000000000004
2023-11-18 23:00:00,75.7,119.2,38.6,36.0,855.0,12.8,1.0,0.0,96,161,152.81
2023-11-19 00:00:00,70.5,111.5,31.3,37.0,799.0,10.9,1.0,0.0,96,161,135.65
2023-11-19 01:00:00,65.9,104.3,25.3,38.0,738.0,8.9,0.0,0.0,96,160,120.47000000000003
2023-11-19 02:00:00,61.5,97.1,20.3,39.0,680.0,7.5,0.0,0.0,96,160,105.95
2023-11-19 03:00:00,57.4,90.8,15.9,43.0,619.0,7.0,0.0,0.0,96,160,95.75333333333333
2023-11-19 04:00:00,54.5,86.1,12.5,47.0,560.0,7.0,0.0,0.0,96,160,91.01666666666667
2023-11-19 05:00:00,53.4,84.8,12.1,46.0,560.0,7.1,0.0,0.0,95,160,89.22
2023-11-19 06:00:00,53.3,84.3,14.4,42.0,572.0,7.6,0.0,0.0,95,160,89.05666666666666
2023-11-19 07:00:00,55.5,87.3,17.3,38.0,588.0,8.3,0.0,0.1,95,160,92.65
2023-11-19 08:00:00,58.2,91.0,18.3,43.0,590.0,9.2,0.0,0.65,95,159,97.06
2023-11-19 09:00:00,61.2,95.7,15.5,64.0,567.0,10.4,0.0,1.7,95,159,104.96000000000001
2023-11-19 10:00:00,65.0,102.0,10.7,94.0,530.0,11.8,1.0,3.0,95,159,117.5
2023-11-19 11:00:00,70.3,111.3,6.8,122.0,494.0,13.2,1.0,3.95,95,159,134.98999999999998
2023-11-19 12:00:00,72.6,116.6,4.2,148.0,454.0,14.8,1.0,4.2,95,159,170.88235294117646
2023-11-19 13:00:00,70.3,115.7,2.5,171.0,415.0,16.4,1.0,3.65,95,159,208.425
2023-11-19 14:00:00,71.7,119.2,3.9,182.0,404.0,17.4,1.0,2.45,95,159,235.65
2023-11-19 15:00:00,69.6,116.4,10.8,172.0,437.0,17.3,1.0,1.25,95,160,210.9
2023-11-19 16:00:00,68.9,115.3,20.7,148.0,497.0,16.7,0.0,0.4,95,160,170.88235294117646
2023-11-19 17:00:00,92.9,151.3,32.6,119.0,613.0,15.7,1.0,0.05,95,160,210.57000000000002
2023-11-19 18:00:00,99.7,160.7,35.4,101.0,670.0,15.5,1.0,0.0,96,160,233.01000000000002
2023-11-19 19:00:00,98.7,158.8,39.0,76.0,747.0,15.2,0.0,0.0,96,161,229.71
2023-11-19 20:00:00,96.9,155.5,40.0,58.0,794.0,14.7,0.0,0.0,97,161,223.77
2023-11-19 21:00:00,94.5,152.3,36.2,53.0,786.0,13.8,0.0,0.0,97,161,215.85
2023-11-19 22:00:00,92.2,148.5,29.9,56.0,748.0,12.7,0.0,0.0,97,161,208.26000000000002
2023-11-19 23:00:00,89.2,143.9,24.1,58.0,706.0,11.6,0.0,0.0,98,162,197.36
2023-11-20 00:00:00,85.2,137.4,19.9,58.0,668.0,10.4,0.0,0.0,98,162,184.16000000000003
2023-11-20 01:00:00,80.8,130.4,16.2,57.0,626.0,9.3,0.0,0.0,99,163,169.64
2023-11-20 02:00:00,75.9,122.5,13.1,58.0,584.0,8.6,0.0,0.0,99,163,153.47000000000003
2023-11-20 03:00:00,70.5,114.1,10.3,61.0,538.0,8.7,0.0,0.0,100,164,135.65
2023-11-20 04:00:00,65.7,105.7,8.0,66.0,493.0,9.3,0.0,0.0,100,164,119.81
2023-11-20 05:00:00,63.1,101.3,8.2,63.0,487.0,9.3,0.0,0.0,100,164,111.23
2023-11-20 06:00:00,60.5,96.6,10.9,58.0,510.0,9.7,0.0,0.0,101,165,102.65
2023-11-20 07:00:00,59.8,95.0,14.5,52.0,540.0,10.4,0.0,0.1,101,165,99.67333333333332
2023-11-20 08:00:00,59.8,94.3,16.0,55.0,553.0,11.4,0.0,0.65,101,165,99.67333333333332
2023-11-20 09:00:00,61.2,96.4,13.6,74.0,534.0,12.9,0.0,1.75,101,165,104.96000000000001
2023-11-20 10:00:00,63.3,99.4,9.2,101.0,498.0,14.7,0.0,3.05,101,165,111.88999999999999
2023-11-20 11:00:00,64.5,101.0,5.7,126.0,465.0,16.2,0.0,4.1,101,165,138.85294117647058
2023-11-20 12:00:00,62.6,99.2,3.6,149.0,433.0,17.3,0.0,4.35,101,165,172.33823529411765
2023-11-20 13:00:00,61.7,98.7,2.4,169.0,404.0,18.2,0.0,3.55,101,164,203.475
2023-11-20 14:00:00,60.8,97.3,4.2,177.0,399.0,18.4,0.0,2.45,100,164,223.275
2023-11-20 15:00:00,56.8,91.3,11.1,165.0,431.0,17.6,0.0,1.25,100,164,195.63235294117646
2023-11-20 16:00:00,55.3,88.7,21.0,140.0,488.0,16.2,0.0,0.4,100,163,159.23529411764707
2023-11-20 17:00:00,68.5,108.0,28.1,110.0,530.0,13.8,0.0,0.05,99,163,129.05
2023-11-20 18:00:00,73.6,115.0,30.5,95.0,576.0,13.8,0.0,0.0,98,162,145.88
2023-11-20 19:00:00,73.1,114.3,33.5,74.0,639.0,13.7,0.0,0.0,97,162,144.23
2023-11-20 20:00:00,72.9,114.1,34.7,59.0,682.0,13.5,0.0,0.0,97,161,143.57000000000002
2023-11-20 21:00:00,72.6,113.9,32.4,54.0,689.0,13.0,0.0,0.0,96,160,142.57999999999998
2023-11-20 22:00:00,73.1,114.3,28.1,54.0,676.0,12.2,0.0,0.0,95,159,144.23
2023-11-20 23:00:00,72.9,114.3,24.0,55.0,657.0,11.4,0.0,0.0,94,159,143.57000000000002
2023-11-21 00:00:00,71.5,112.2,20.6,54.0,635.0,10.4,0.0,0.0,94,158,138.95
2023-11-21 01:00:00,69.6,109.4,17.3,54.0,608.0,9.3,0.0,0.0,93,158,132.67999999999998
2023-11-21 02:00:00,67.5,106.4,14.4,54.0,577.0,8.6,0.0,0.0,93,158,125.75
2023-11-21 03:00:00,65.4,103.4,11.5,56.0,537.0,8.4,0.0,0.0,93,157,118.82000000000002
2023-11-21 04:00:00,64.3,101.5,8.8,60.0,495.0,8.7,0.0,0.0,93,157,115.19
2023-11-21 05:00:00,63.8,100.1,6.8,67.0,447.0,9.4,0.0,0.0,92,157,113.53999999999999
2023-11-21 06:00:00,63.6,99.7,9.6,63.0,471.0,10.0,0.0,0.0,93,157,112.88000000000001
2023-11-21 07:00:00,64.3,99.9,13.4,57.0,503.0,10.8,0.0,0.1,93,157,115.19
2023-11-21 08:00:00,64.5,100.1,15.1,61.0,517.0,11.8,0.0,0.7,93,157,115.85
2023-11-21 09:00:00,67.1,104.3,12.8,82.0,497.0,13.1,0.0,1.8,93,158,124.42999999999998
2023-11-21 10:00:00,69.2,107.6,8.5,111.0,459.0,14.4,0.0,3.2,93,158,131.36
2023-11-21 11:00:00,65.0,101.7,5.1,134.0,423.0,15.1,0.0,4.3,93,158,150.5
2023-11-21 12:00:00,59.0,92.9,3.0,147.0,387.0,14.4,0.0,4.6,93,158,169.4264705882353
2023-11-21 13:00:00,55.8,88.2,1.8,153.0,353.0,13.1,0.0,3.95,93,158,178.16176470588235
2023-11-21 14:00:00,56.1,88.5,3.0,152.0,342.0,12.0,0.0,2.65,93,158,176.70588235294116
2023-11-21 15:00:00,54.8,86.6,8.3,141.0,368.0,11.6,0.0,1.3,93,158,160.69117647058823
2023-11-21 16:00:00,55.5,87.5,16.0,122.0,418.0,11.4,0.0,0.4,93,157,133.02941176470588
2023-11-21 17:00:00,70.8,110.6,24.3,103.0,466.0,11.1,1.0,0.05,93,157,136.64
2023-11-21 18:00:00,77.3,119.7,33.5,82.0,570.0,12.0,1.0,0.0,93,158,158.09
2023-11-21 19:00:00,79.6,122.5,46.0,53.0,712.0,13.2,1.0,0.0,93,158,165.67999999999998
2023-11-21 20:00:00,79.4,122.0,53.2,32.0,807.0,13.9,1.0,0.0,93,158,165.02000000000004
2023-11-21 21:00:00,78.9,121.1,50.7,27.0,817.0,13.9,1.0,0.0,93,158,163.37
2023-11-21 22:00:00,77.5,119.2,43.0,31.0,781.0,13.4,1.0,0.0,94,158,158.75
2023-11-21 23:00:00,74.7,115.0,35.1,35.0,731.0,12.6,1.0,0.0,94,158,149.51
2023-11-22 00:00:00,69.6,107.6,28.3,38.0,671.0,11.3,1.0,0.0,94,158,132.67999999999998
2023-11-22 01:00:00,64.3,99.4,21.3,41.0,598.0,9.7,1.0,0.0,94,158,115.19
2023-11-22 02:00:00,58.8,91.0,15.8,44.0,537.0,8.5,1.0,0.0,94,158,98.03999999999999
2023-11-22 03:00:00,53.8,83.4,12.4,45.0,492.0,7.9,1.0,0.0,93,158,89.87333333333333
2023-11-22 04:00:00,49.6,77.1,10.4,45.0,458.0,7.7,0.0,0.0,93,158,83.01333333333334
2023-11-22 05:00:00,48.8,75.4,11.1,40.0,477.0,7.7,0.0,0.0,92,157,81.70666666666666
2023-11-22 06:00:00,47.1,72.9,13.5,35.0,508.0,8.3,0.0,0.0,92,157,78.93
2023-11-22 07:00:00,48.1,73.8,16.6,30.0,550.0,9.1,0.0,0.1,91,156,80.56333333333333
2023-11-22 08:00:00,50.1,76.4,17.8,35.0,570.0,10.3,0.0,0.7,91,156,83.83000000000001
2023-11-22 09:00:00,53.0,80.3,15.2,61.0,552.0,12.2,0.0,1.85,90,155,88.56666666666666
2023-11-22 10:00:00,58.7,88.9,10.7,98.0,513.0,14.4,0.0,3.25,90,155,98.03999999999999
2023-11-22 11:00:00,65.0,98.3,7.0,129.0,470.0,16.0,0.0,4.35,90,155,143.22058823529412
2023-11-22 12:00:00,61.9,94.5,4.3,149.0,419.0,16.3,0.0,4.65,90,155,172.33823529411765
2023-11-22 13:00:00,56.0,87.1,2.4,163.0,364.0,16.0,1.0,4.05,90,155,192.72058823529412
2023-11-22 14:00:00,53.3,83.6,3.5,167.0,341.0,15.5,1.0,2.75,90,155,198.54411764705884
2023-11-22 15:00:00,51.9,81.3,9.4,157.0,366.0,14.9,1.0,1.35,90,155,183.98529411764707
2023-11-22 16:00:00,51.8,81.0,18.4,137.0,423.0,14.2,1.0,0.4,89,155,154.86764705882354
2023-11-22 17:00:00,66.6,103.1,24.9,112.0,468.0,12.0,1.0,0.05,89,154,122.77999999999997
2023-11-22 18:00:00,73.6,112.9,33.1,91.0,561.0,12.9,1.0,0.0,89,154,145.88
2023-11-22 19:00:00,76.1,115.9,44.2,62.0,689.0,14.2,1.0,0.0,89,154,154.13
2023-11-22 20:00:00,75.4,115.0,51.5,40.0,788.0,15.0,1.0,0.0,89,154,151.82000000000002
2023-11-22 21:00:00,75.2,114.3,51.5,31.0,830.0,15.1,1.0,0.0,89,154,151.16
2023-11-22 22:00:00,75.7,115.0,47.5,29.0,843.0,14.8,1.0,0.0,89,154,152.81
2023-11-22 23:00:00,75.4,114.3,43.0,28.0,838.0,14.0,1.0,0.0,89,154,151.82000000000002
2023-11-23 00:00:00,72.6,110.6,38.6,27.0,816.0,12.5,1.0,0.0,89,154,142.57999999999998
2023-11-23 01:00:00,69.4,105.7,33.7,27.0,777.0,10.5,1.0,0.0,89,154,132.02
2023-11-23 02:00:00,66.1,100.8,29.0,28.0,735.0,8.9,1.0,0.0,89,154,121.12999999999998
2023-11-23 03:00:00,62.4,95.2,24.5,30.0,684.0,7.9,1.0,0.0,89,154,108.92
2023-11-23 04:00:00,58.2,89.2,20.2,32.0,630.0,7.3,1.0,0.0,89,155,97.06
2023-11-23 05:00:00,56.5,86.8,14.4,38.0,567.0,7.5,0.0,0.0,90,155,94.28333333333333
2023-11-23 06:00:00,54.6,84.3,16.5,34.0,594.0,8.0,0.0,0.0,90,155,91.18
2023-11-23 07:00:00,54.8,84.3,19.2,30.0,628.0,8.8,0.0,0.15,90,155,91.50666666666666
2023-11-23 08:00:00,55.1,84.5,19.8,37.0,633.0,9.9,0.0,0.8,90,155,91.99666666666667
2023-11-23 09:00:00,55.4,84.5,16.5,66.0,584.0,12.0,0.0,2.05,91,156,92.48666666666666
2023-11-23 10:00:00,55.3,84.1,11.1,106.0,506.0,14.5,0.0,3.7,91,156,109.73529411764706
2023-11-23 11:00:00,54.1,82.4,6.8,136.0,436.0,15.8,0.0,4.9,91,156,153.41176470588235
2023-11-23 12:00:00,48.1,74.3,3.9,150.0,378.0,14.9,0.0,5.3,90,155,173.79411764705884
2023-11-23 13:00:00,42.4,65.7,2.0,154.0,328.0,12.9,1.0,4.6,90,155,179.61764705882354
2023-11-23 14:00:00,39.8,61.5,3.0,151.0,308.0,11.4,1.0,3.15,89,154,175.25
2023-11-23 15:00:00,38.4,59.4,7.9,141.0,324.0,10.9,1.0,1.6,89,154,160.69117647058823
2023-11-23 16:00:00,38.6,59.4,15.6,123.0,370.0,10.9,0.0,0.5,88,154,134.48529411764707
2023-11-23 17:00:00,43.7,65.7,27.4,107.0,451.0,11.8,0.0,0.05,88,153,111.19117647058823
2023-11-23 18:00:00,51.8,77.3,40.7,81.0,593.0,13.4,0.0,0.0,87,153,86.60666666666665
2023-11-23 19:00:00,57.4,85.2,58.6,46.0,787.0,15.5,0.0,0.0,87,152,95.75333333333333
2023-11-23 20:00:00,59.1,87.5,69.3,21.0,924.0,16.6,0.0,0.0,86,151,98.53
2023-11-23 21:00:00,58.4,86.4,66.5,16.0,956.0,15.8,0.0,0.0,85,151,97.38666666666666
2023-11-23 22:00:00,56.7,83.8,56.6,20.0,931.0,14.1,0.0,0.0,85,150,94.61000000000001
2023-11-23 23:00:00,53.2,78.7,46.0,27.0,877.0,12.2,0.0,0.0,84,149,88.89333333333335
2023-11-24 00:00:00,47.6,70.8,36.2,34.0,791.0,10.3,0.0,0.0,83,147,79.74666666666667
2023-11-24 01:00:00,43.4,64.7,25.9,43.0,677.0,8.3,0.0,0.0,83,144,72.88666666666666
2023-11-24 02:00:00,40.2,60.1,17.7,50.0,577.0,6.9,0.0,0.0,82,142,67.66
2023-11-24 03:00:00,37.1,55.6,12.7,55.0,504.0,6.5,0.0,0.0,81,139,62.59666666666667
2023-11-24 04:00:00,34.1,51.1,9.9,58.0,445.0,6.7,0.0,0.0,80,136,58.84
2023-11-24 05:00:00,32.4,48.5,9.0,59.0,417.0,7.3,0.0,0.0,79,134,59.82
2023-11-24 06:00:00,31.1,46.7,10.7,57.0,428.0,8.2,0.0,0.0,78,131,57.86
2023-11-24 07:00:00,33.1,49.7,12.9,56.0,442.0,9.5,0.0,0.15,78,129,56.88
2023-11-24 08:00:00,36.6,54.7,13.7,61.0,447.0,10.5,0.0,0.75,77,127,61.78
2023-11-24 09:00:00,39.6,59.4,11.6,78.0,438.0,11.1,0.0,2.0,76,125,78.44
2023-11-24 10:00:00,41.6,62.4,8.0,100.0,419.0,11.5,0.0,3.5,76,123,100.0
2023-11-24 11:00:00,42.7,64.3,5.2,119.0,397.0,11.5,0.0,4.6,75,122,128.66176470588235
2023-11-24 12:00:00,44.2,66.6,3.4,131.0,365.0,11.0,0.0,4.85,75,120,146.13235294117646
2023-11-24 13:00:00,44.9,68.0,2.3,138.0,329.0,10.2,1.0,4.15,75,120,156.3235294117647
2023-11-24 14:00:00,42.8,65.0,3.1,138.0,312.0,9.6,1.0,2.8,75,120,156.3235294117647
2023-11-24 15:00:00,41.6,63.1,7.4,128.0,327.0,9.4,1.0,1.4,75,120,141.76470588235293
2023-11-24 16:00:00,43.1,65.0,13.6,111.0,360.0,9.4,0.0,0.4,75,121,117.01470588235294
2023-11-24 17:00:00,49.6,74.0,21.6,98.0,422.0,9.9,0.0,0.05,75,121,98.03999999999999
2023-11-24 18:00:00,52.2,77.5,23.8,86.0,457.0,10.1,0.0,0.0,75,122,87.26
2023-11-24 19:00:00,50.5,75.2,26.7,71.0,504.0,10.3,0.0,0.0,75,122,84.48333333333333
2023-11-24 20:00:00,47.7,70.8,27.5,60.0,528.0,10.3,0.0,0.0,75,121,79.91000000000001
2023-11-24 21:00:00,44.0,65.2,24.3,59.0,507.0,9.7,0.0,0.0,75,120,73.86666666666667
2023-11-24 22:00:00,40.0,59.6,18.9,64.0,463.0,8.8,0.0,0.0,74,119,67.33333333333333
2023-11-24 23:00:00,36.9,54.9,14.2,69.0,422.0,8.4,0.0,0.0,74,117,69.62
2023-11-25 00:00:00,34.9,52.2,11.1,73.0,391.0,8.8,0.0,0.0,73,115,73.53999999999999
2023-11-25 01:00:00,34.9,52.3,8.7,78.0,363.0,9.7,0.0,0.0,73,114,78.44
2023-11-25 02:00:00,36.0,53.9,6.9,81.0,344.0,10.6,0.0,0.0,73,113,81.38
2023-11-25 03:00:00,37.1,55.8,5.6,83.0,337.0,11.4,0.0,0.0,72,112,83.34
2023-11-25 04:00:00,38.0,56.9,4.9,83.0,340.0,12.1,0.0,0.0,72,112,83.34
2023-11-25 05:00:00,38.6,58.0,5.2,85.0,350.0,13.3,0.0,0.0,73,113,85.3
2023-11-25 06:00:00,39.0,58.3,7.6,80.0,378.0,13.2,0.0,0.0,73,114,80.4
2023-11-25 07:00:00,39.6,58.9,10.9,74.0,416.0,13.0,0.0,0.1,73,114,74.52
2023-11-25 08:00:00,40.2,59.6,12.5,74.0,441.0,12.7,0.0,0.65,73,115,74.52
2023-11-25 09:00:00,40.6,60.3,11.0,84.0,440.0,12.3,0.0,1.7,73,115,84.32
2023-11-25 10:00:00,41.4,61.5,7.9,100.0,425.0,11.9,1.0,2.9,73,115,100.0
2023-11-25 11:00:00,44.0,65.7,5.4,115.0,408.0,11.7,1.0,3.8,73,115,122.83823529411765
2023-11-25 12:00:00,47.7,71.2,3.8,128.0,387.0,11.8,1.0,3.95,73,116,141.76470588235293
2023-11-25 13:00:00,50.1,75.0,3.0,139.0,364.0,12.2,1.0,3.3,74,116,157.77941176470588
2023-11-25 14:00:00,50.6,76.1,4.2,142.0,358.0,12.4,1.0,2.2,74,117,162.14705882352942
2023-11-25 15:00:00,50.6,76.6,9.1,132.0,380.0,12.5,1.0,1.1,74,117,147.58823529411765
2023-11-25 16:00:00,51.8,78.2,16.1,114.0,421.0,12.5,0.0,0.35,74,118,121.38235294117646
2023-11-25 17:00:00,59.1,88.5,20.8,98.0,457.0,12.0,0.0,0.05,75,119,98.53
2023-11-25 18:00:00,63.1,94.1,26.4,82.0,525.0,12.3,0.0,0.0,75,120,111.23
2023-11-25 19:00:00,63.3,94.1,33.9,59.0,616.0,12.6,0.0,0.0,75,121,111.88999999999999
2023-11-25 20:00:00,61.5,91.0,37.4,44.0,668.0,12.5,0.0,0.0,76,123,105.95
2023-11-25 21:00:00,58.7,87.1,33.2,43.0,646.0,11.5,0.0,0.0,76,124,97.87666666666667
2023-11-25 22:00:00,55.3,82.0,25.0,50.0,584.0,10.0,0.0,0.0,77,126,92.32333333333332
2023-11-25 23:00:00,50.9,75.7,17.8,56.0,522.0,8.7,0.0,0.0,77,127,85.13666666666666
2023-11-26 00:00:00,46.2,68.9,13.4,59.0,469.0,7.8,0.0,0.0,78,129,77.46000000000001
2023-11-26 01:00:00,43.5,64.7,10.0,62.0,417.0,7.2,0.0,0.0,78,130,73.05
2023-11-26 02:00:00,43.0,64.0,7.6,64.0,381.0,7.0,0.0,0.0,78,131,72.23333333333333
2023-11-26 03:00:00,44.4,66.4,6.1,64.0,369.0,7.3,0.0,0.0,78,131,74.52
2023-11-26 04:00:00,46.6,69.8,5.6,64.0,374.0,8.0,0.0,0.0,79,132,78.11333333333334
2023-11-26 05:00:00,46.4,69.8,5.6,65.0,380.0,8.3,0.0,0.0,79,133,77.78666666666666
2023-11-26 06:00:00,48.7,73.3,8.0,63.0,409.0,9.2,0.0,0.0,79,134,81.54333333333334
2023-11-26 07:00:00,51.2,77.3,11.2,60.0,448.0,10.4,0.0,0.1,80,135,85.62666666666667
2023-11-26 08:00:00,54.1,81.7,13.3,61.0,473.0,11.7,0.0,0.35,80,136,90.36333333333334
2023-11-26 09:00:00,56.1,85.0,13.2,68.0,472.0,13.2,0.0,0.5,80,138,93.63
2023-11-26 10:00:00,64.5,98.5,11.9,78.0,457.0,14.7,1.0,0.5,81,139,115.85
2023-11-26 11:00:00,62.6,95.7,10.6,87.0,435.0,15.5,1.0,1.65,82,142,109.58000000000001
2023-11-26 12:00:00,57.7,87.8,9.4,93.0,404.0,15.1,1.0,2.8,82,144,96.24333333333334
2023-11-26 13:00:00,51.0,77.3,8.3,98.0,366.0,13.9,1.0,1.9,83,145,98.03999999999999
2023-11-26 14:00:00,46.9,70.8,8.3,99.0,338.0,13.0,1.0,0.25,83,145,99.02000000000001
2023-11-26 15:00:00,39.8,59.6,10.2,93.0,327.0,12.6,1.0,0.15,83,144,93.14
2023-11-26 16:00:00,35.2,51.8,13.3,83.0,327.0,12.3,1.0,0.05,82,143,83.34
2023-11-26 17:00:00,34.7,50.8,11.9,76.0,300.0,7.8,1.0,0.0,82,141,76.48
2023-11-26 18:00:00,37.6,54.6,11.1,76.0,299.0,7.5,1.0,0.0,81,139,76.48
2023-11-26 19:00:00,38.3,55.6,10.1,77.0,298.0,7.1,1.0,0.0,80,136,77.46000000000001
2023-11-26 20:00:00,33.9,49.4,9.2,77.0,299.0,6.9,1.0,0.0,79,134,77.46000000000001
2023-11-26 21:00:00,31.3,45.6,8.9,76.0,305.0,7.2,1.0,0.0,78,131,76.48
2023-11-26 22:00:00,31.7,45.8,8.9,75.0,313.0,7.8,0.0,0.0,77,128,75.5
2023-11-26 23:00:00,34.8,50.2,8.5,74.0,318.0,8.2,0.0,0.0,77,125,74.52
2023-11-27 00:00:00,35.2,50.9,7.4,76.0,314.0,8.2,0.0,0.0,76,124,76.48
2023-11-27 01:00:00,38.3,55.2,6.0,78.0,307.0,8.0,1.0,0.0,76,123,78.44
2023-11-27 02:00:00,39.1,56.3,5.0,79.0,303.0,7.9,1.0,0.0,75,122,79.42
2023-11-27 03:00:00,40.5,58.2,4.6,77.0,306.0,8.0,1.0,0.0,75,122,77.46000000000001
2023-11-27 04:00:00,42.1,60.5,4.7,74.0,312.0,8.1,0.0,0.0,75,121,74.52
2023-11-27 05:00:00,44.6,64.3,6.6,66.0,324.0,9.2,0.0,0.0,75,121,74.84666666666666
2023-11-27 06:00:00,46.3,66.8,8.8,64.0,348.0,9.6,0.0,0.0,75,121,77.62333333333333
2023-11-27 07:00:00,48.8,70.3,11.9,61.0,380.0,10.2,0.0,0.05,75,120,81.70666666666666
2023-11-27 08:00:00,49.9,72.2,13.4,64.0,399.0,11.2,0.0,0.5,75,120,83.50333333333333
2023-11-27 09:00:00,49.7,72.2,12.1,77.0,393.0,12.9,0.0,1.3,75,120,83.17666666666668
2023-11-27 10:00:00,50.9,74.3,9.4,95.0,375.0,14.9,0.0,1.6,74,119,95.1
2023-11-27 11:00:00,52.0,75.9,7.1,111.0,357.0,16.3,0.0,3.1,74,118,117.01470588235294
2023-11-27 12:00:00,45.8,66.8,5.5,125.0,341.0,16.7,0.0,3.6,74,116,137.39705882352942
2023-11-27 13:00:00,41.4,60.8,4.3,137.0,326.0,16.6,1.0,3.25,73,115,154.86764705882354
2023-11-27 14:00:00,38.4,56.5,5.1,142.0,326.0,16.1,1.0,2.25,73,114,162.14705882352942
2023-11-27 15:00:00,37.4,55.2,9.1,135.0,348.0,15.2,1.0,1.15,73,113,151.95588235294116
2023-11-27 16:00:00,37.0,54.8,15.1,121.0,384.0,14.0,1.0,0.35,73,113,131.5735294117647
2023-11-27 17:00:00,35.5,51.9,16.4,106.0,361.0,11.1,1.0,0.05,73,113,109.73529411764706
2023-11-27 18:00:00,39.5,57.4,20.1,92.0,402.0,10.9,1.0,0.0,73,113,92.16
2023-11-27 19:00:00,39.6,57.5,25.1,72.0,459.0,10.6,0.0,0.0,73,114,72.56
2023-11-27 20:00:00,38.8,56.3,28.0,56.0,497.0,10.1,0.0,0.0,73,114,65.37333333333333
2023-11-27 21:00:00,37.3,54.1,27.2,49.0,501.0,9.4,0.0,0.0,73,114,62.92333333333333
2023-11-27 22:00:00,35.5,51.5,24.4,45.0,486.0,8.5,0.0,0.0,73,115,59.983333333333334
2023-11-27 23:00:00,32.9,47.8,21.4,43.0,467.0,7.8,0.0,0.0,73,115,55.736666666666665
2023-11-28 00:00:00,29.8,43.2,18.6,41.0,444.0,7.2,0.0,0.0,73,115,49.666666666666664
2023-11-28 01:00:00,27.4,39.7,15.6,40.0,417.0,6.8,0.0,0.0,73,114,45.666666666666664
2023-11-28 02:00:00,26.5,38.4,13.2,40.0,394.0,6.6,0.0,0.0,73,113,44.166666666666664
2023-11-28 03:00:00,27.2,39.7,11.4,40.0,375.0,6.8,0.0,0.0,72,112,45.333333333333336
2023-11-28 04:00:00,29.0,42.6,10.2,40.0,361.0,7.3,0.0,0.0,72,111,48.333333333333336
2023-11-28 05:00:00,28.6,41.3,11.1,35.0,367.0,7.6,0.0,0.0,71,109,47.666666666666664
2023-11-28 06:00:00,31.0,44.7,13.1,31.0,403.0,8.3,0.0,0.0,71,108,52.63333333333333
2023-11-28 07:00:00,34.6,49.9,15.7,26.0,450.0,9.3,0.0,0.1,70,106,58.513333333333335
2023-11-28 08:00:00,37.7,54.6,16.6,30.0,474.0,10.4,0.0,0.65,70,105,63.57666666666667
2023-11-28 09:00:00,39.2,57.2,14.0,50.0,453.0,12.0,0.0,1.75,69,103,66.02666666666667
2023-11-28 10:00:00,39.3,57.3,9.6,79.0,408.0,13.7,1.0,3.15,69,102,79.42
2023-11-28 11:00:00,38.3,55.9,6.1,102.0,366.0,14.4,1.0,3.8,69,101,103.91176470588235
2023-11-28 12:00:00,32.0,47.1,4.1,116.0,333.0,13.2,1.0,4.15,68,100,124.29411764705883
2023-11-28 13:00:00,28.9,42.7,2.9,125.0,304.0,10.9,2.0,3.6,68,99,137.39705882352942
2023-11-28 14:00:00,26.4,39.3,3.3,128.0,289.0,9.2,2.0,2.4,67,98,141.76470588235293
2023-11-28 15:00:00,25.1,37.6,5.3,122.0,288.0,8.5,2.0,1.25,67,97,133.02941176470588
2023-11-28 16:00:00,25.1,37.5,8.8,110.0,301.0,8.2,2.0,0.4,67,96,115.55882352941177
2023-11-28 17:00:00,28.8,42.6,14.3,95.0,341.0,8.4,2.0,0.05,66,95,95.1
2023-11-28 18:00:00,34.0,49.8,24.0,74.0,433.0,9.3,2.0,0.0,66,94,74.52
2023-11-28 19:00:00,37.5,54.8,35.7,49.0,552.0,10.6,1.0,0.0,66,94,63.25
2023-11-28 20:00:00,38.8,56.5,42.5,32.0,628.0,11.3,1.0,0.0,66,94,65.37333333333333
2023-11-28 21:00:00,38.4,56.0,40.5,28.0,626.0,10.9,1.0,0.0,66,94,64.72
2023-11-28 22:00:00,36.7,53.3,33.8,32.0,583.0,10.0,0.0,0.0,66,94,61.943333333333335
2023-11-28 23:00:00,33.4,48.7,27.4,36.0,538.0,9.0,0.0,0.0,66,94,56.55333333333333
2023-11-29 00:00:00,29.9,43.5,23.0,37.0,502.0,8.0,0.0,0.0,66,94,49.833333333333336
2023-11-29 01:00:00,27.9,40.5,19.0,38.0,464.0,7.0,0.0,0.0,66,94,46.5
2023-11-29 02:00:00,26.6,38.8,15.7,38.0,433.0,6.4,0.0,0.0,66,94,44.333333333333336
2023-11-29 03:00:00,25.8,37.6,13.2,38.0,410.0,6.3,0.0,0.0,66,94,43.0
2023-11-29 04:00:00,25.4,37.0,11.5,38.0,394.0,6.5,1.0,0.0,66,94,42.333333333333336
2023-11-29 05:00:00,23.1,33.5,12.6,34.0,422.0,6.4,1.0,0.0,66,94,38.5
2023-11-29 06:00:00,23.3,34.1,13.7,33.0,433.0,7.3,1.0,0.0,65,93,38.833333333333336
2023-11-29 07:00:00,26.6,39.1,15.0,32.0,448.0,8.6,1.0,0.1,65,92,44.333333333333336
2023-11-29 08:00:00,31.1,45.6,15.0,38.0,449.0,9.7,1.0,0.7,65,92,52.79666666666667
2023-11-29 09:00:00,35.6,52.9,12.3,56.0,428.0,10.6,2.0,1.95,65,91,60.14666666666667
2023-11-29 10:00:00,39.7,59.3,8.2,81.0,395.0,11.4,3.0,3.45,65,91,81.38
2023-11-29 11:00:00,39.3,59.3,5.0,101.0,361.0,11.6,4.0,4.65,65,91,102.45588235294117
2023-11-29 12:00:00,35.0,54.0,3.1,112.0,324.0,10.9,6.0,4.4,65,91,118.47058823529412
2023-11-29 13:00:00,32.5,51.0,2.2,119.0,286.0,9.8,7.0,3.8,65,91,128.66176470588235
2023-11-29 14:00:00,30.3,48.0,3.1,119.0,268.0,8.9,8.0,2.75,65,92,128.66176470588235
2023-11-29 15:00:00,29.4,46.6,6.6,111.0,279.0,8.6,7.0,1.45,65,92,117.01470588235294
2023-11-29 16:00:00,29.2,46.0,12.0,97.0,311.0,8.6,5.0,0.45,65,92,97.06
2023-11-29 17:00:00,34.3,51.8,17.5,86.0,360.0,8.7,4.0,0.05,65,93,86.28
2023-11-29 18:00:00,39.8,59.6,26.3,68.0,451.0,9.6,4.0,0.0,65,93,68.64
2023-11-29 19:00:00,43.5,64.7,38.2,44.0,576.0,10.9,3.0,0.0,66,94,73.05
2023-11-29 20:00:00,45.9,67.8,46.1,25.0,670.0,11.7,3.0,0.0,66,94,76.97
2023-11-29 21:00:00,47.1,69.6,46.6,18.0,707.0,11.7,3.0,0.0,66,95,78.93
2023-11-29 22:00:00,47.4,69.8,43.0,18.0,713.0,11.2,2.0,0.0,66,95,79.42
2023-11-29 23:00:00,45.3,66.8,38.4,19.0,697.0,10.5,2.0,0.0,67,96,75.99
2023-11-30 00:00:00,41.4,61.0,33.0,21.0,655.0,9.3,2.0,0.0,67,97,69.62
2023-11-30 01:00:00,38.0,55.8,26.4,25.0,591.0,7.8,1.0,0.0,68,98,64.06666666666666
2023-11-30 02:00:00,34.7,51.0,20.8,29.0,533.0,6.8,1.0,0.0,68,99,58.67666666666667
2023-11-30 03:00:00,31.9,47.0,16.6,32.0,484.0,6.6,1.0,0.0,68,99,54.10333333333333
2023-11-30 04:00:00,30.0,44.6,13.3,35.0,440.0,6.8,1.0,0.0,68,100,50.0
2023-11-30 05:00:00,28.6,42.7,11.6,37.0,410.0,7.3,1.0,0.0,68,100,47.666666666666664
2023-11-30 06:00:00,29.9,44.9,13.7,32.0,440.0,8.0,1.0,0.0,69,101,49.833333333333336
2023-11-30 07:00:00,33.5,50.5,16.4,27.0,479.0,8.9,2.0,0.1,69,102,56.71666666666667
2023-11-30 08:00:00,37.8,56.8,17.2,30.0,496.0,9.8,2.0,0.6,69,102,63.739999999999995
2023-11-30 09:00:00,42.7,64.7,14.3,49.0,472.0,10.7,3.0,1.7,69,103,71.74333333333334
2023-11-30 10:00:00,48.8,74.0,9.6,77.0,426.0,11.5,3.0,3.1,70,104,81.70666666666666
2023-11-30 11:00:00,46.7,70.8,5.8,99.0,381.0,11.6,4.0,4.0,70,105,99.02000000000001
2023-11-30 12:00:00,41.7,63.1,3.6,110.0,338.0,10.4,4.0,4.25,70,105,115.55882352941177
2023-11-30 13:00:00,36.6,55.8,2.3,116.0,296.0,8.5,4.0,3.9,70,106,124.29411764705883
2023-11-30 14:00:00,33.9,51.9,2.9,116.0,276.0,7.2,4.0,2.7,70,107,124.29411764705883
2023-11-30 15:00:00,32.6,49.9,6.3,108.0,287.0,6.9,3.0,1.35,71,107,112.6470588235294
2023-11-30 16:00:00,32.6,49.7,11.7,94.0,320.0,7.1,3.0,0.4,71,107,94.12
2023-11-30 17:00:00,40.3,60.3,18.8,76.0,368.0,8.0,2.0,0.05,71,108,76.48
2023-11-30 18:00:00,45.5,67.8,26.2,61.0,446.0,9.0,2.0,0.0,71,108,76.31666666666666
2023-11-30 19:00:00,47.4,70.1,36.2,40.0,551.0,10.4,1.0,0.0,71,109,79.42
2023-11-30 20:00:00,47.0,69.6,42.0,26.0,621.0,11.3,1.0,0.0,71,109,78.76666666666667
2023-11-30 21:00:00,44.1,65.2,39.9,24.0,622.0,11.4,1.0,0.0,71,109,74.03
2023-11-30 22:00:00,41.0,60.5,33.6,29.0,587.0,11.0,1.0,0.0,71,109,68.96666666666667
2023-11-30 23:00:00,38.1,56.2,27.4,33.0,548.0,10.4,1.0,0.0,71,108,64.23
